1602233185.2244368;1602233185.2255297
1602233185.3255723;1602233185.3266819
1602233185.4263215;1602233185.4274297
1602233185.52711;1602233185.5282223
1602233185.6279078;1602233185.6290495
1602233185.7286782;1602233185.729826
1602233185.8294592;1602233185.8304384
1602233185.930189;1602233185.9311633
1602233186.0308821;1602233186.0318866
1602233186.1316235;1602233186.1327183
1602235817.780013;1602235817.7816243
1602235955.2380588;1602235955.239563
1602235955.3390522;1602235955.3406136
1602235955.439857;1602235955.441312
1602235955.5408525;1602235955.5423996
1602235955.641669;1602235955.643234
1602235955.7424586;1602235955.743979
1602235955.8432543;1602235955.8447902
1602235955.9440663;1602235955.9444416
1602235956.0445542;1602235956.045855
1602235956.1454656;1602235956.146964
1602581045.0237734;1602581045.024854
1602581045.1246483;1602581045.1257358
1602581045.225407;1602581045.2264602
1602581045.326169;1602581045.327066
1602581045.4269106;1602581045.4278257
1602581045.5276482;1602581045.5285618
1602581045.6283607;1602581045.6293304
1602581045.7291071;1602581045.7300391
1602581045.8298326;1602581045.8307843
1602581045.930554;1602581045.931449
1602581046.031251;1602581046.0320933
1602581228.8896384;1602581228.8907819
1602581228.9905376;1602581228.991429
1602581229.091233;1602581229.0921721
1602581229.1919272;1602581229.1930103
1602581229.2926564;1602581229.2936552
1602581229.393391;1602581229.3944318
1602581229.4941561;1602581229.4952338
1602581229.5948875;1602581229.5959034
1602581229.6956227;1602581229.696711
1602581229.7963715;1602581229.7972474
